restaurantId,managerId,addressId,geoLat,geoLon
35bfa561-c4fa-4e27-8789-c3387ee16e39,62ec2441-fc08-4f7d-8dc2-866d65260468,182f153d-f29d-4ebc-9826-a24c13c66251,51.751579,19.45293
568abfc8-c710-4ed7-9659-64222ed9ca08,62ec2441-fc08-4f7d-8dc2-866d65260468,e7bbe16b-f4e0-4595-9cfd-8b5a9e2721a0,52.22977,21.01178
10ca2473-4189-4802-b2eb-faf44115e062,62ec2441-fc08-4f7d-8dc2-866d65260468,c9c3dd18-5967-4692-943f-a7d57b791b1f,51.32124,19.94771
22c2ca4d-ffa4-4dfd-9729-fb209faa3afa,62ec2441-fc08-4f7d-8dc2-866d65260468,268fdced-5c88-4c14-a2f9-cd573dd528bd,50.06143,19.93658
